doc,neg%,pos%,neu%,sadness%,joy%,fear%,disgust%,anger%
Reviews,30,30,40,30,40,0,10,20
day1,66,10,24,23,28,2,26,21
day2,70,9,21,28,26,4,23,19
day3,69,11,20,24,27,5,24,20
doc2020-04-01,24.752475247524753,9.900990099009901,65.34653465346534,23.762376237623762,27.722772277227723,1.9801980198019802,25.742574257425744,20.792079207920793
